name,sequence,mz,RT,mz-tol,rt-tol
MPCSPIKE1,X[+457.2834],457.2834,5,10 ppm,36000
MPCSPIKE2,X[+895.9493],895.9493,5,10 ppm,36000
MPCSPIKE3,X[+966.088],966.088,5,10 ppm,36000
MPCSPIKE4,GEPAAAAAPEAGASPVEK[+8.014199]/2,815.9118,5,10 ppm,36000
MPCSPIKE5,NLVVGDETTSSLR[+10.008269]/2,700.8664,5,10 ppm,36000
MPCSPIKE6,LQPGDIGIYR[+10.008269]/2,571.3156,5,10 ppm,36000
MPCSPIKE7,VVVLPSGALQISR[+10.008269]/2,674.913,5,10 ppm,36000
MPCSPIKE8,YPGAYYIFQIK[+8.014199]/2,685.8654,5,10 ppm,36000
MPCSPIKE9,NIPTVNENLENYYLEVNQLEK[+8.014199]/3,848.7618,5,10 ppm,36000
